-- EXAMPLE DATA - for testing purposes

INSERT INTO "bicyclecounters_locations" ("id", "vendor_id", "lat", "lng", "name", "route", "create_batch_id", "created_at", "created_by", "update_batch_id", "updated_at", "updated_by") VALUES
('camea-BC_VK-HRUP',	'BC_VK-HRUP',	50.089491724101,	14.460735619068,	'Drážní stezka - Vítkov',	'A 25',	NULL,	'2020-01-17 12:25:08.322+00',	NULL,	NULL,	'2020-03-22 14:50:01.167+00',	NULL),
('camea-BC_VS-CE',	'BC_VS-CE',	50.0704264,	14.3857008,	'Košíře',	'A 14',	NULL,	'2020-01-17 12:25:08.322+00',	NULL,	NULL,	'2020-03-22 14:50:01.167+00',	NULL),
('camea-BC_ZA-KLBO',	'BC_ZA-KLBO',	50.1433144,	14.3993322,	'V Zámcích',	'A2',	NULL,	'2020-01-17 12:25:08.322+00',	NULL,	NULL,	'2020-03-22 14:50:01.167+00',	NULL);

INSERT INTO "bicyclecounters_directions" ("id", "vendor_id", "locations_id", "name", "create_batch_id", "created_at", "created_by", "update_batch_id", "updated_at", "updated_by") VALUES
('camea-BC_VK-HR',	'BC_VK-HR',	'camea-BC_VK-HRUP',	'Hrdlořezy',	NULL,	'2020-01-17 12:25:09.767+00',	NULL,	NULL,	'2020-03-22 14:50:01.398+00',	NULL),
('camea-BC_VK-UP',	'BC_VK-UP',	'camea-BC_VK-HRUP',	'U památníku',	NULL,	'2020-01-17 12:25:09.767+00',	NULL,	NULL,	'2020-03-22 14:50:01.398+00',	NULL),
('camea-BC_VS-CE',	'BC_VS-CE',	'camea-BC_VS-CE',	'centrum',	NULL,	'2020-01-17 12:25:09.767+00',	NULL,	NULL,	'2020-03-22 14:50:01.399+00',	NULL),
('camea-BC_ZA-KL',	'BC_ZA-KL',	'camea-BC_ZA-KLBO',	'Klecany',	NULL,	'2020-01-17 12:25:09.767+00',	NULL,	NULL,	'2020-03-22 14:50:01.399+00',	NULL),
('camea-BC_ZA-BO',	'BC_ZA-BO',	'camea-BC_ZA-KLBO',	'Bohnice',	NULL,	'2020-01-17 12:25:09.767+00',	NULL,	NULL,	'2020-03-22 14:50:01.399+00',	NULL);

INSERT INTO "bicyclecounters_detections" ("locations_id", "directions_id", "measured_from", "measured_to", "value", "create_batch_id", "created_at", "created_by", "update_batch_id", "updated_at", "updated_by", "value_pedestrians") VALUES
('camea-BC_VK-HRUP',	'camea-BC_VK-HR',	1584183300000,	1584183600000,	4,	-1,	'2020-03-14 11:05:06.852411+00',	'integration-engine',	-1,	'2020-03-15 04:00:20.646195+00',	'integration-engine',	2),
('camea-BC_ZA-KLBO',	'camea-BC_ZA-KL',	1584183000000,	1584183300000,	3,	-1,	'2020-03-14 11:00:27.856626+00',	'integration-engine',	-1,	'2020-03-15 04:00:21.650912+00',	'integration-engine',	3),
('camea-BC_VK-HRUP',	'camea-BC_VK-UP',	1584183000000,	1584183300000,	4,	-1,	'2020-03-14 11:00:26.857761+00',	'integration-engine',	-1,	'2020-03-15 04:00:20.646195+00',	'integration-engine',	1),
('camea-BC_ZA-KLBO',	'camea-BC_ZA-BO',	1584182700000,	1584183000000,	5,	-1,	'2020-03-14 10:55:07.65846+00',	'integration-engine',	-1,	'2020-03-15 04:00:21.650912+00',	'integration-engine',	NULL),
('camea-BC_ZA-KLBO',	'camea-BC_ZA-KL',	1584182700000,	1584183000000,	10,	-1,	'2020-03-14 10:55:07.65846+00',	'integration-engine',	-1,	'2020-03-15 04:00:21.650912+00',	'integration-engine',	2),
('camea-BC_ZA-KLBO',	'camea-BC_ZA-KL',	1584182400000,	1584182700000,	3,	-1,	'2020-03-14 10:50:07.448117+00',	'integration-engine',	-1,	'2020-03-15 04:00:21.650912+00',	'integration-engine',	1),
('camea-BC_ZA-KLBO',	'camea-BC_ZA-KL',	1584182100000,	1584182400000,	11,	-1,	'2020-03-14 10:45:07.338274+00',	'integration-engine',	-1,	'2020-03-15 04:00:21.650912+00',	'integration-engine',	2),
('camea-BC_ZA-KLBO',	'camea-BC_ZA-KL',	1584181800000,	1584182100000,	6,	-1,	'2020-03-14 10:40:06.557032+00',	'integration-engine',	-1,	'2020-03-15 04:00:21.650912+00',	'integration-engine',	7),
('camea-BC_VK-HRUP',	'camea-BC_VK-UP',	1584181800000,	1584182100000,	5,	-1,	'2020-03-14 10:40:05.777015+00',	'integration-engine',	-1,	'2020-03-15 04:00:20.646195+00',	'integration-engine',	8),
('camea-BC_ZA-KLBO',	'camea-BC_ZA-KL',	1584181200000,	1584181500000,	4,	-1,	'2020-03-14 10:30:08.810805+00',	'integration-engine',	-1,	'2020-03-15 04:00:21.650912+00',	'integration-engine',	1),
('camea-BC_VK-HRUP',	'camea-BC_VK-UP',	1584181200000,	1584181500000,	6,	-1,	'2020-03-14 10:30:07.938707+00',	'integration-engine',	-1,	'2020-03-15 04:00:20.646195+00',	'integration-engine',	0),
('camea-BC_ZA-KLBO',	'camea-BC_ZA-KL',	1584180900000,	1584181200000,	4,	-1,	'2020-03-14 10:25:06.850141+00',	'integration-engine',	-1,	'2020-03-15 04:00:21.650912+00',	'integration-engine',	2),
('camea-BC_ZA-KLBO',	'camea-BC_ZA-KL',	1584180600000,	1584180900000,	4,	-1,	'2020-03-14 10:20:06.842241+00',	'integration-engine',	-1,	'2020-03-15 04:00:21.650912+00',	'integration-engine',	1),
('camea-BC_ZA-KLBO',	'camea-BC_ZA-BO',	1584180300000,	1584180600000,	4,	-1,	'2020-03-14 10:15:07.775845+00',	'integration-engine',	-1,	'2020-03-15 04:00:21.650912+00',	'integration-engine',	1),
('camea-BC_ZA-KLBO',	'camea-BC_ZA-KL',	1584180300000,	1584180600000,	6,	-1,	'2020-03-14 10:15:07.775845+00',	'integration-engine',	-1,	'2020-03-15 04:00:21.650912+00',	'integration-engine',	4),
('camea-BC_ZA-KLBO',	'camea-BC_ZA-KL',	1584180000000,	1584180300000,	4,	-1,	'2020-03-14 10:10:07.418647+00',	'integration-engine',	-1,	'2020-03-15 04:00:21.650912+00',	'integration-engine',	1),
('camea-BC_VK-HRUP',	'camea-BC_VK-UP',	1584180000000,	1584180300000,	3,	-1,	'2020-03-14 10:10:06.659036+00',	'integration-engine',	-1,	'2020-03-15 04:00:20.646195+00',	'integration-engine',	7),
('camea-BC_ZA-KLBO',	'camea-BC_ZA-KL',	1584179700000,	1584180000000,	5,	-1,	'2020-03-14 10:05:07.293445+00',	'integration-engine',	-1,	'2020-03-15 04:00:21.650912+00',	'integration-engine',	2),
('camea-BC_ZA-KLBO',	'camea-BC_ZA-KL',	1584179400000,	1584179700000,	4,	-1,	'2020-03-14 10:00:09.034003+00',	'integration-engine',	-1,	'2020-03-15 04:00:21.650912+00',	'integration-engine',	2),
('camea-BC_ZA-KLBO',	'camea-BC_ZA-KL',	1584179100000,	1584179400000,	5,	-1,	'2020-03-14 09:55:06.595799+00',	'integration-engine',	-1,	'2020-03-15 04:00:21.650912+00',	'integration-engine',	1),
('camea-BC_ZA-KLBO',	'camea-BC_ZA-KL',	1584178800000,	1584179100000,	6,	-1,	'2020-03-14 09:50:08.878222+00',	'integration-engine',	-1,	'2020-03-15 04:00:21.650912+00',	'integration-engine',	0),
('camea-BC_VK-HRUP',	'camea-BC_VK-HR',	1584178800000,	1584179100000,	3,	-1,	'2020-03-14 09:50:08.235704+00',	'integration-engine',	-1,	'2020-03-15 04:00:20.646195+00',	'integration-engine',	2),
('camea-BC_VK-HRUP',	'camea-BC_VK-UP',	1584178800000,	1584179100000,	3,	-1,	'2020-03-14 09:50:08.235704+00',	'integration-engine',	-1,	'2020-03-15 04:00:20.646195+00',	'integration-engine',	0),
('camea-BC_ZA-KLBO',	'camea-BC_ZA-KL',	1584178500000,	1584178800000,	3,	-1,	'2020-03-14 09:45:07.985855+00',	'integration-engine',	-1,	'2020-03-15 04:00:21.650912+00',	'integration-engine',	1),
('camea-BC_ZA-KLBO',	'camea-BC_ZA-BO',	1584178500000,	1584178800000,	4,	-1,	'2020-03-14 09:45:07.985855+00',	'integration-engine',	-1,	'2020-03-15 04:00:21.650912+00',	'integration-engine',	NULL),
('camea-BC_VK-HRUP',	'camea-BC_VK-UP',	1584178500000,	1584178800000,	3,	-1,	'2020-03-14 09:45:06.935666+00',	'integration-engine',	-1,	'2020-03-15 04:00:20.646195+00',	'integration-engine',	1),
('camea-BC_ZA-KLBO',	'camea-BC_ZA-KL',	1584178200000,	1584178500000,	4,	-1,	'2020-03-14 09:40:07.268232+00',	'integration-engine',	-1,	'2020-03-15 04:00:21.650912+00',	'integration-engine',	2),
('camea-BC_ZA-KLBO',	'camea-BC_ZA-KL',	1584177900000,	1584178200000,	3,	-1,	'2020-03-14 09:35:07.008885+00',	'integration-engine',	-1,	'2020-03-15 04:00:21.650912+00',	'integration-engine',	0),
('camea-BC_VK-HRUP',	'camea-BC_VK-HR',	1584177900000,	1584178200000,	3,	-1,	'2020-03-14 09:35:06.531007+00',	'integration-engine',	-1,	'2020-03-15 04:00:20.646195+00',	'integration-engine',	3);

INSERT INTO "bicyclecounters_temperatures" ("locations_id", "measured_from", "measured_to", "value", "create_batch_id", "created_at", "created_by", "update_batch_id", "updated_at", "updated_by") VALUES
('camea-BC_VK-HRUP',	1584177600000,	1584177900000,	10,	-1,	'2020-03-14 09:30:09.629185+00',	'integration-engine',	-1,	'2020-03-15 04:00:20.835272+00',	'integration-engine'),
('camea-BC_VK-HRUP',	1584177900000,	1584178200000,	10,	-1,	'2020-03-14 09:35:06.555745+00',	'integration-engine',	-1,	'2020-03-15 04:00:20.835272+00',	'integration-engine'),
('camea-BC_VK-HRUP',	1584178200000,	1584178500000,	10,	-1,	'2020-03-14 09:40:06.616807+00',	'integration-engine',	-1,	'2020-03-15 04:00:20.835272+00',	'integration-engine'),
('camea-BC_VK-HRUP',	1584178500000,	1584178800000,	10,	-1,	'2020-03-14 09:45:06.961899+00',	'integration-engine',	-1,	'2020-03-15 04:00:20.835272+00',	'integration-engine'),
('camea-BC_VK-HRUP',	1584178800000,	1584179100000,	10,	-1,	'2020-03-14 09:50:08.255987+00',	'integration-engine',	-1,	'2020-03-15 04:00:20.835272+00',	'integration-engine'),
('camea-BC_VK-HRUP',	1584179100000,	1584179400000,	10,	-1,	'2020-03-14 09:55:06.0094+00',	'integration-engine',	-1,	'2020-03-15 04:00:20.835272+00',	'integration-engine'),
('camea-BC_VK-HRUP',	1584179400000,	1584179700000,	10,	-1,	'2020-03-14 10:00:08.42887+00',	'integration-engine',	-1,	'2020-03-15 04:00:20.835272+00',	'integration-engine'),
('camea-BC_VK-HRUP',	1584179700000,	1584180000000,	10,	-1,	'2020-03-14 10:05:06.687607+00',	'integration-engine',	-1,	'2020-03-15 04:00:20.835272+00',	'integration-engine'),
('camea-BC_VK-HRUP',	1584180000000,	1584180300000,	10,	-1,	'2020-03-14 10:10:06.682393+00',	'integration-engine',	-1,	'2020-03-15 04:00:20.835272+00',	'integration-engine'),
('camea-BC_VK-HRUP',	1584180300000,	1584180600000,	11,	-1,	'2020-03-14 10:15:07.093541+00',	'integration-engine',	-1,	'2020-03-15 04:00:20.835272+00',	'integration-engine'),
('camea-BC_VK-HRUP',	1584180600000,	1584180900000,	11,	-1,	'2020-03-14 10:20:06.062893+00',	'integration-engine',	-1,	'2020-03-15 04:00:20.835272+00',	'integration-engine'),
('camea-BC_VK-HRUP',	1584180900000,	1584181200000,	11,	-1,	'2020-03-14 10:25:06.149189+00',	'integration-engine',	-1,	'2020-03-15 04:00:20.835272+00',	'integration-engine'),
('camea-BC_VK-HRUP',	1584181200000,	1584181500000,	10,	-1,	'2020-03-14 10:30:07.980846+00',	'integration-engine',	-1,	'2020-03-15 04:00:20.835272+00',	'integration-engine'),
('camea-BC_VK-HRUP',	1584181500000,	1584181800000,	10,	-1,	'2020-03-14 10:35:07.920386+00',	'integration-engine',	-1,	'2020-03-15 04:00:20.835272+00',	'integration-engine'),
('camea-BC_VK-HRUP',	1584181800000,	1584182100000,	10,	-1,	'2020-03-14 10:40:05.805547+00',	'integration-engine',	-1,	'2020-03-15 04:00:20.835272+00',	'integration-engine'),
('camea-BC_VK-HRUP',	1584182100000,	1584182400000,	10,	-1,	'2020-03-14 10:45:06.742474+00',	'integration-engine',	-1,	'2020-03-15 04:00:20.835272+00',	'integration-engine'),
('camea-BC_VK-HRUP',	1584182400000,	1584182700000,	10,	-1,	'2020-03-14 10:50:06.341474+00',	'integration-engine',	-1,	'2020-03-15 04:00:20.835272+00',	'integration-engine'),
('camea-BC_VK-HRUP',	1584182700000,	1584183000000,	11,	-1,	'2020-03-14 10:55:06.858758+00',	'integration-engine',	-1,	'2020-03-15 04:00:20.835272+00',	'integration-engine'),
('camea-BC_VK-HRUP',	1584183000000,	1584183300000,	10,	-1,	'2020-03-14 11:00:26.877299+00',	'integration-engine',	-1,	'2020-03-15 04:00:20.835272+00',	'integration-engine'),
('camea-BC_VK-HRUP',	1584183300000,	1584183600000,	11,	-1,	'2020-03-14 11:05:06.872869+00',	'integration-engine',	-1,	'2020-03-15 04:00:20.835272+00',	'integration-engine'),
('camea-BC_ZA-KLBO',	1584178200000,	1584178500000,	10,	-1,	'2020-03-14 09:40:07.290585+00',	'integration-engine',	-1,	'2020-03-15 04:00:21.740315+00',	'integration-engine'),
('camea-BC_ZA-KLBO',	1584178500000,	1584178800000,	10,	-1,	'2020-03-14 09:45:08.015288+00',	'integration-engine',	-1,	'2020-03-15 04:00:21.740315+00',	'integration-engine'),
('camea-BC_ZA-KLBO',	1584179400000,	1584179700000,	10,	-1,	'2020-03-14 10:00:09.070265+00',	'integration-engine',	-1,	'2020-03-15 04:00:21.740315+00',	'integration-engine'),
('camea-BC_ZA-KLBO',	1584179700000,	1584180000000,	10,	-1,	'2020-03-14 10:05:07.319131+00',	'integration-engine',	-1,	'2020-03-15 04:00:21.740315+00',	'integration-engine'),
('camea-BC_ZA-KLBO',	1584180000000,	1584180300000,	10,	-1,	'2020-03-14 10:10:07.440586+00',	'integration-engine',	-1,	'2020-03-15 04:00:21.740315+00',	'integration-engine'),
('camea-BC_ZA-KLBO',	1584180300000,	1584180600000,	10,	-1,	'2020-03-14 10:15:07.797602+00',	'integration-engine',	-1,	'2020-03-15 04:00:21.740315+00',	'integration-engine'),
('camea-BC_ZA-KLBO',	1584180600000,	1584180900000,	10,	-1,	'2020-03-14 10:20:06.882923+00',	'integration-engine',	-1,	'2020-03-15 04:00:21.740315+00',	'integration-engine'),
('camea-BC_ZA-KLBO',	1584180900000,	1584181200000,	10,	-1,	'2020-03-14 10:25:07.099943+00',	'integration-engine',	-1,	'2020-03-15 04:00:21.740315+00',	'integration-engine'),
('camea-BC_ZA-KLBO',	1584181200000,	1584181500000,	11,	-1,	'2020-03-14 10:30:08.835391+00',	'integration-engine',	-1,	'2020-03-15 04:00:21.740315+00',	'integration-engine'),
('camea-BC_ZA-KLBO',	1584181500000,	1584181800000,	11,	-1,	'2020-03-14 10:35:08.573236+00',	'integration-engine',	-1,	'2020-03-15 04:00:21.740315+00',	'integration-engine'),
('camea-BC_ZA-KLBO',	1584181800000,	1584182100000,	11,	-1,	'2020-03-14 10:40:06.581227+00',	'integration-engine',	-1,	'2020-03-15 04:00:21.740315+00',	'integration-engine'),
('camea-BC_ZA-KLBO',	1584182100000,	1584182400000,	11,	-1,	'2020-03-14 10:45:07.361461+00',	'integration-engine',	-1,	'2020-03-15 04:00:21.740315+00',	'integration-engine'),
('camea-BC_ZA-KLBO',	1584182400000,	1584182700000,	11,	-1,	'2020-03-14 10:50:07.481585+00',	'integration-engine',	-1,	'2020-03-15 04:00:21.740315+00',	'integration-engine'),
('camea-BC_ZA-KLBO',	1584182700000,	1584183000000,	10,	-1,	'2020-03-14 10:55:07.679932+00',	'integration-engine',	-1,	'2020-03-15 04:00:21.740315+00',	'integration-engine'),
('camea-BC_ZA-KLBO',	1584183000000,	1584183300000,	11,	-1,	'2020-03-14 11:00:27.87918+00',	'integration-engine',	-1,	'2020-03-15 04:00:21.740315+00',	'integration-engine'),
('camea-BC_ZA-KLBO',	1584183300000,	1584183600000,	11,	-1,	'2020-03-14 11:05:07.83522+00',	'integration-engine',	-1,	'2020-03-15 04:00:21.740315+00',	'integration-engine');
